userName,score,at,content
Asep Sunarya,5,2025-12-11 12:39:06,bagus apk nya
Supitarto Supitarto,1,2025-12-11 11:56:47,"digital?...but still need to register offline in front of the officer? it doesn't helpful. no need this apps, if still need to do offline, like there is gurantee to our data safely keep & confidential"
Fajran,1,2025-12-11 10:52:04,"Sistemnya lelet, sudah ke Dukcapil untuk Daftar Luring, alamat email aktif sudah bener, tapi sampai sekarang belum juga dikirim kode Verifikasi. gimana sih?"
Mersi Ani,5,2025-12-11 08:16:53,aplikasi ini memudahkan pengguna
Elika Saputri Syam,1,2025-12-11 07:42:50,jelek bet dah
Cahyo Budi,1,2025-12-11 06:05:14,kenapa ya saya bkin dominisil sementara kok lama gak di proses
Agus Suprianto,2,2025-12-11 05:27:32,"tolong Apk Nya Di update agar tidak menyulitkan Pengguna,, Susah di gunakan Apk yg bikin Kecewa"
Pakdhe Samp,1,2025-12-11 05:14:42,pencurian data ini gak jelas
Arif Samsul,1,2025-12-11 04:17:14,loadingnya lama banget padahal sinyal kuat... ribet katanya mandiri tapi harus datang ke dukcapil dulu
ragilll official,2,2025-12-11 04:02:18,"aplikasi onlen tp harus bikin lewat petugas sipil jg,org ada onlen biar ga kesana kemari,sama ajah kurang membantu"
Dewi bundadidya,1,2025-12-11 03:56:45,"Setelah pembaruan malah tidak bisa dibuka sama sekali, untuk apa gunanya KTP digital kalau malah susah dibuka, kok lebih mending bawa KTP fisik sajağŸ˜©"
Nandar Firmansyah,5,2025-12-11 03:27:35,sangat membatu
ady bagus,1,2025-12-11 02:52:11,"niat ada apk ini untuk mempermudah dengan serba mobile dan dimana saja,tetapi untuk mendaftar saja harus scan barcode ke petugas capil,kesannya sama saja bohong dong"
Prince Orion,1,2025-12-11 02:41:56,"kenapa harus dibatasi kompatibilitas perangkatnya? kenapa sekarang ga bisa lagi di install di android 10? tujuan aplikasi ini untuk mempermudah masyarakat kan? dan masyarakat ga semua punya android canggih. harusnya kompatibel juga untuk OS Android 8, 9, 10."
Adi Setiadi,1,2025-12-11 02:28:10,itu fitur di bagikan barcode ktp dan KK onlinenya kenapa gabisa dibuka di google?? ayolah jangan setengah setengah buat aplikasi. dana pembuatan aplikasi online pasti ada kan. jangan setengah setengah dong. kasih yg terbaik.
Fajar Pamungkas,1,2025-12-11 02:07:32,Seperti biasa tidak ada yang bisa di harapkan dari Aplikasi terbitan pemerintah. hanya sekedar daftar akun saja ribet parah. buat rekening BCA via online saja tidak se rumit ini
NYATA ADANYA,1,2025-12-11 00:46:05,bingung mau ulasan apa diantaranya udah punyak akun udah sukses kepakai lah beberapa bulan gk buka aplikasi sekali buka ribet kali mau masuk pin salah isi data lah aaaargh sudahlah
Destin Alfianika Maharani,3,2025-12-11 00:01:53,seharusnya ketika login langsung masuk. ini sering bgt login g bs dan harus mengulang dari 0
Pujho Stoner,5,2025-12-10 18:33:03,good
Helmi Yuliansyah,1,2025-12-10 15:17:49,aplikasi banyak bot
Soewandi Email,1,2025-12-10 14:10:32,saya sudah datang ke kelurahan alasan hp tidak suport . bagaimana ini
RM Riduan,1,2025-12-10 12:10:48,"Aplikasi ikd ini diinfokan memudahkan masyarakat Indonesia, namun reelnya tidak bisa digunakan oleh masyarakat, mohon promosinya jangan mulukÂ², katakan saja, itu hanya untuk instansi yang berwenang, jangan disebarkan, memudahkan/ bisa lihat, cetak, dll-nya secara mandiri, kecewa dg muluknya promosi aplikasi ikd ini."
Medi Yarli,5,2025-12-10 10:09:02,ok
Meri Handayani2,1,2025-12-10 09:57:58,"aplikasi buruk sudah update biodata semua keluarga tidak langsung tersinkronisasi data dokumen tidak ada... kartu keluarga pun sama...mau unduh file punn susah... udah bikin akun dulu malah g bisa masuk, dan akhirnya ttp aja harus ke kecamatan lagi dan lagi ribet, aplikasi sampah, sama dengan ribetinn... percuma digital bukannya mempermudah malah mempersulit ci.. mau dibikin digital semua ribett argh maless"
Brontak Suwandi,5,2025-12-10 09:49:28,oke
Charles Johnson William,1,2025-12-10 08:53:17,saya bingung kenapa tiba-tiba tidak bisa download aplikasi ini padahal saya udah pakai lama di hp saya tapi tiba-tiba tidak bisa lagi kata nya perangkat hp tidak bisa di versi ini ada ini kok tiba-tiba seperti mohon bantuannya
kakak tata,5,2025-12-10 08:04:12,sangat membantu kebijakan pemerintah
Julizar zar,5,2025-12-10 07:10:07,ok
Ardy Wong,1,2025-12-10 05:28:38,udah pernah daftar..giliran swafoto kgk bisa
Sudarmono Nanok,2,2025-12-10 05:05:43,"setelah update, masuk jadi susah, berbagi kode qr tidak terbaca link,"
Alam Cahyadi,1,2025-12-10 04:20:43,duh kebanyakan eror nya. ga dulu dah
TenangJGNPanik YT,1,2025-12-10 02:49:34,kurang bagus
Mbahlid Cholid,1,2025-12-10 01:46:40,ini bagaimana mau masuk saja susah.... ribet. padahal aplikasi negara
zulkifli pipin,1,2025-12-10 01:46:22,"percuma di buat kalau tidak di gunakan, sdah bermohon untuk pembetukan KIA, sama skali tdk ada progres"
DJONIESAFRI HATTA,5,2025-12-10 01:23:15,cukup baik
Katilong Wae,5,2025-12-10 01:18:04,luar biasa
Kopi Ireng,1,2025-12-10 00:29:28,"kebanyakan koruptor. aplikasi buruk sekali, sdh terdaftar buka apk, tulisan tidak terdaftar..."
Pandu Triatmawijaya,5,2025-12-09 15:34:02,sangat senang dengan adanya aplikasi ikd dan sangat membantu
Revinca Revinca,3,2025-12-09 14:19:52,"bagaimana ceritanya, buat buka aplikasi saja dipersulit"
Imron Saputra,3,2025-12-09 13:25:04,"kata nya online masih mau ke Capil,,,"
Ahmad Sanuri,1,2025-12-09 13:17:35,"sistem bobrok , daftar dari pagi sampe malem ga dapat aktivasi email , ,"
mintarsih mien,5,2025-12-09 13:01:57,sangat membantu kamu
Khoirul Huda,5,2025-12-09 12:42:02,masih bingung
LagiL Pramono,5,2025-12-09 10:54:33,aplikasi paling oke sih menurutku
Saroh Saropah,1,2025-12-09 10:53:28,"ruwet,ribet."
cikyy boom,1,2025-12-09 10:42:05,"pelayanan sangat lamaa, tolong segera proses pencetakan kartu keluarga saya yang terbaru"
Dimas Putra,5,2025-12-09 09:46:00,semoga membantu
Ilham Fachrudin,1,2025-12-09 08:48:46,"gak guna malah suruh datang ofline , paham dunia digital ga si yang buat apk . buang"" duit negara"
frie Mode,2,2025-12-09 08:36:58,ini kenapa we mau buka pelayana aja gak bisa bisa.
Lazuardi Justice,5,2025-12-09 07:38:45,cukup membantu
Video Lucu ID,1,2025-12-09 05:38:15,busuk
Itex junior,5,2025-12-09 04:49:08,Sangat bagus pelayanan nya
safrin pasaribu,5,2025-12-09 04:07:35,makin muda aja aflikasinya ada ini
Nurkasih Andy,5,2025-12-09 03:30:42,lebih cepat dan mudah disaat dokumen tdk dibawa
Doni Setiawan,3,2025-12-09 02:55:52,"harusnya adain button print dan save dokument untuk kk,ktp. kalau hilang engga perlu lagi ke kelurahan."
Kharisma Putri Agustin,5,2025-12-09 02:21:13,foto ktp nya bagus ğŸ¤
Traveling Hijrah Hijab,1,2025-12-09 02:09:11,aplikasi ga jelas. sudah sesuai. amalh invalid terus
Untung Hartono,5,2025-12-09 01:57:28,baguss sekali
Arief Nur I,1,2025-12-08 23:41:01,hp sy gak bs download.. sdh coba tips dan trik gmn caranya bs.. tp msh saja gak bs download.. Utk admin tlg perbaiki sistem lg agar bs didownload oleh berbagai merk hp android..
Zulki Muhamad,1,2025-12-08 23:25:48,yg blm punya akun gmna
Anca Suriansyah01,3,2025-12-08 19:08:00,cara bukanya bikin bingung
Ahmadirwan Ahmadirwanrahim,5,2025-12-08 14:09:41,"Dengan adanya aplikasi kasih IKD sangat membantu untuk memudahkan kita mengakses layanan publik tanpa dokumen fisik karena data ke pendudukan (NIK,/KK) tersimpan di smartphone dan bisa di akses kapan saja.Dan juga meningkatkan keamanan data melalui autentikasi PIN dan pece recognition untuk mencegah penyalahgunaan."
Syafa'at,1,2025-12-08 13:56:30,"Aplikasi sampah, digital dari mana tetap harus ke ke catatan sipil"
NURUL MUHAMMAD UBAIDILLAH NURUL MUHAMMAD UBAIDILLAH,1,2025-12-08 11:46:31,pesan tidak masuk ke email
Eeng Cao,1,2025-12-08 08:07:43,kenapa tidak bisa dibuka
Rian Wibisono,1,2025-12-08 07:42:03,jelek lemot
Adi Wiwaha,1,2025-12-08 06:49:26,"jelek, tiba2 ga bisa diakses. setelah diakses pun tiba2 disuruh buat ulang lagi, setelah kubuat ulang lagi ternyata tetep ga bisa masuk. hadehh"
Sulaeman Firdaus,1,2025-12-08 06:18:34,untuk pendaftaran email ga masuk masuk sudah 3 hari ditunggu
Fridolin Ars,1,2025-12-08 04:57:33,"aplikasi tidak jelas! sangat buruk! masa HP saya yg spek bagus kata pegawai kecamatan tidak bisa mensupport aplikasi, tapi giliran HP istri saya yg spek nya di bawah saya aman saja tidak ada kendala. aneh!"
Suwandi,5,2025-12-08 04:53:04,mantap
izhar riktihzar,1,2025-12-08 04:48:41,aplikasi tidak berguna
Bhisma Raditya Bhuana,1,2025-12-08 03:18:18,suka keluar sendiri waktu login dibilang lupa password hadeh
Dewa Mahendra,1,2025-12-08 03:10:29,reset password ribet harusnya pake nomer telp verif dsn pake email
Mazz Tejo Official,5,2025-12-08 02:25:08,top
Andika Wirawan,1,2025-12-08 02:06:15,ini aplikasi terparah pas mau buka menu pelayanan muter trus kaga kelar2..udh di coba pake wifi dan pake data tetap aja muter terus.. ujung2nya harus ke dukcapil juga..mendingan hapus aja apk nya
Tman Laperr,1,2025-12-08 00:41:10,aplikasi tambah buruk
Tailacomu setanh Anjing.,5,2025-12-07 23:59:17,ok
Agus Raci,1,2025-12-07 20:05:38,"Hahaha biasalah, aplikasi produk pemerintah. Sudah menghabiskan banyak anggaran, tapi nggak guna"
Arik Tri wahyuni,2,2025-12-07 15:25:50,Sudah download tp nggak bisa di buka awalnya bisa di buka setelah beberapa bulan nggak bisa di buka lagi.
bobby chris,1,2025-12-07 12:56:40,ribet dftr nya
Rahmiyati rahmi,5,2025-12-07 11:35:22,sangat mempermudah kita
Ari Prasetiyo,4,2025-12-07 10:05:27,mohon tingkatkan layanan secara update.. ay mau urus pindah domisili menu pelayanan kurang lengkap
Loiyan 203,2,2025-12-07 08:36:05,"pusing, mau login aja susaahhh. password benar tapi tidak bisa masukğŸ™„"
Sahidin Idin,5,2025-12-07 05:38:16,makasih atas pembuatan aktenyae
RioRistomoyo Zumrotul,1,2025-12-07 04:39:12,aplikasi aneh padahal punya negara...masak gak pernah ganti PIN tibaÂ² gak bisa login dgn PIN itu...
Julita Seran,5,2025-12-07 01:29:27,kenapa ngk bisa di buka aplikasinya
Macan Bali Mula,1,2025-12-07 00:11:06,aplikasi online tapi harus daftar dihadapan petugasğŸ¤£ğŸ¤£ğŸ¤£ negara namdua ini betulÂ² bagus konsepnya pokoknya nyusahin dan buka peluang calo ya bagus bagus
Muhammad Catur Pamungkas,2,2025-12-07 00:04:49,"beri ulasan yang realistis aja. aplikasi sdh bagus krn bisa akses ktp/kk secara digital tapi ada beberapa hal yg perlu ditambahkan/kurangi spt saat masuk menu harus ketik pin dan captca pdhal udah pake fingerprint, trus di menu pelayanan wajib bgt diringkas dan dipermudah. misal mau ngurus sket. kematian gak harus pake surat pengantar rt, keterangan dari polisi dsb, cukup pengantar dari desa dan keterangan kematian dari rs/faskes, trus pilihan menu nya juga lebih di lengkapi lagi"
Darto To,5,2025-12-06 15:43:05,tiba tiba menghilang
Pusat Data Win,5,2025-12-06 15:24:55,sudah kah seluruh instansi menerima aplikasi ini
Sego Bongkosan,1,2025-12-06 15:16:19,KEMBALI TERJADI.. KOK GA BISA LANGSUNG MASUK. DAFTAR LAGI. BAGAIMANA TOH APLIKASINYA.. SSEPERTINYA TIDAK SIAP PUNYA APLIKASI
Tri Winarso,4,2025-12-06 14:13:52,sangat membantu dan berguna
AGUSTI MAGHRIBI,1,2025-12-06 09:20:36,"sudah daftar, dulu buat login bisa & beberapa bulan gak dibukan buat login belum bisa"
Lila Aira,1,2025-12-06 08:39:10,"parah aplikasiny ga otomatis ke kunci, rawan bgd kalo sampe hp ilang trs data KtP d pake sama org jahat, aplikasi pemerintah ko gda amanÂ²ny si"
wahyu Ningsih,5,2025-12-06 08:31:17,kok gk bisa dibuka ya.. kan sudah ada akunnya tapi skg gk bisa dibuka
Sukardi Bpn,1,2025-12-06 07:28:44,agak ribet
masyono tugiyono,1,2025-12-06 05:40:58,payah
Indra Kusayang kamu,1,2025-12-06 02:45:07,"aplikasi pemerintah kok modelnya begini,, pingin cek kk aja harus daftar ke kantor ngapain di buatkan aplikasi coba jika harus ke kantor mending ke kantornya sekalian begok luh,,!!,,,, fungsi aplikasi itu ya memudahkan bukan menyulitkan,, sama aja suruh ke kantor sendiri,, percumah di buatkan aplikasi...semua aplikasi pemerintah buat SKCK juga sama suruh daftar onlen juga daftar offlein,, kaya perjalanan 1 menit aja,, perjalanan 1jam lebih di buatin aplikasi bukanya mudahin malah nyusahin,,,"
NaNaS,1,2025-12-06 02:41:05,"cepet cepet update lah biar lebih baik lagi saya verifikasi foto aja g jalan jalan, jgn nyusahin orang mau dapet kerja plis PEMERINTAH"
New Ahmad,5,2025-12-06 02:38:52,sangat nerguna
HERU HARWANTO HERU HARWANTO,1,2025-12-06 02:03:34,hapus
Sodri Pp,5,2025-12-06 01:36:32,ok
rahmad agung,1,2025-12-06 01:03:36,aplikasi lambatt
Mr Mursalim,1,2025-12-06 00:57:42,"Aplikasi tak berguna, sudah sejak jaman zudan dipake sampai sekarang tidak bisa dipake apa apa, orang tetap cari e KTP, buang buang anggaran, hobby banget nyusahin rakyat"
Andrie Zf,4,2025-12-06 00:17:33,"sudah bagus,tapi sayang untuk lupa pin tidak tersedia dan harus ke dukcapilnya...mohon diperbaiki"
Sadarius Gea,3,2025-12-05 22:13:45,"mohon untuk terus pembaharuan aplikasi dengan mengikuti era zaman digital,TerimakasihğŸ‘ğŸ–ğŸ»"
Aris Mu'min,1,2025-12-05 13:20:20,"gilaaaaaaa yg bener aja Aplikasi baru di benerin di dukcapil sore malemnya gabisa di buka lagi, payahhhhhhhhhhhhhhhhg"
Wan Muhammad,5,2025-12-05 13:06:09,bagus
Iwan Ezra Sinaga,3,2025-12-05 13:01:40,sya mau instal sangat lemot . padahal jaringan bagus
Suhadi,5,2025-12-05 12:14:09,Negara maju
Lala Kenzio,5,2025-12-05 12:12:27,Mantap
rinda santika,5,2025-12-05 11:55:27,"abis swaffoto ,,udah GK bisa ngapa ngapain gak maju sama sekali camera doang yg keluar"
Jamal Themax,3,2025-12-05 11:52:24,Ini kenapa dokumennya tidak keluar
robin lando,2,2025-12-05 09:35:25,"pitur layanan susah terbuka, mohon dibantu"
Ahmad Rifai,1,2025-12-05 09:12:31,"masak gak bisa masuk, pilihan cuma setela dan tutup aplikasi, di setelan gada yg bisa di setel supaya masuk ke ikd, hadeh parah ini"
onomarp Iduy (Yudipramono),5,2025-12-05 09:08:29,Assalamualaikum warahmatullahi ğŸ™ğŸ‘
Arok Monarci,5,2025-12-05 09:07:47,bagus
Muhammad Saleh,5,2025-12-05 07:55:56,Sangat membantu untuk mengurus surat surat Kependudukkan
Ade Latifah,5,2025-12-05 07:52:12,ok
Hilman Maulana,1,2025-12-05 07:42:00,"saat membuka kamera di pendaftaran loadingnya lemot atau lama sekali padahal jaringan kenceng, maaf jika lancang apk ini sangat tidak ada kualitas harusnya apk negara itu ada kualitas untuk melayani masyarakat"
Benni Chaniago,1,2025-12-05 07:19:20,"setiap login malah minta diregistrasi ulang, perbaiki lagi app nya, masa sekelas app pemerintah kacangan begini,.."
Toan Botak,1,2025-12-05 07:16:29,ribet
Yugis NA,1,2025-12-05 06:59:41,ga fungsi
Rofiatul Khoiriyah,1,2025-12-05 06:26:37,"dipersulit, katanya bisa online. tapi daftar akun ikd harus offline. duduhhh"
Chaidir riza Fahlevi,1,2025-12-05 04:59:03,apk ampas
Agung Sudrajat,1,2025-12-05 04:57:01,Barcod dokumen KK tidak bisa di buka
Haviz Muhammad,1,2025-12-05 04:43:54,"jelek,aplikasi eror teruss masyarakat didorong untu buat ikd tapi aplikasi nya ga support pelayanan jelek"
Zulfikri Harahap,1,2025-12-05 04:39:19,kenapa aplikasi nggak bisa dibuka lagi
Yudi Purwanto,2,2025-12-05 04:33:18,"Aplikasi yang kurang bermanfaat, mungkin aplikasi ini dibuat hanya sekedar untuk merealisasikan anggaran yang ada di kementerian dalam negeri, karena kenyataan nya dalam pengurusan administrasi penduduk tetap harus mendatangi Disdukcapil."
Dinda Rizki,1,2025-12-05 04:31:01,tolol bgt di update mlh ga bisa dibuka
Leonardo Di Caprio,1,2025-12-05 04:14:50,"Ga bisa akses padahal sinyal full dan lancar, dikatain pasword salah padahal udah ngisi bener, gimana solusinya?"
Muhammad Dzakki Effendi,1,2025-12-05 04:08:08,"bisa2nya apk simpel kek gni aj gk bisa buat, pemerintah ngpain jing"
Fazar Setiawan,5,2025-12-05 02:25:42,bagus
Sugiyanto,1,2025-12-05 02:09:22,wey wok aplikasi mu delay banget wok
Resta Hermawan,1,2025-12-05 01:15:09,mau daftar saja di persulit. biat apa bikin aplikasi gak berguna
Dikaperatatama 2102,1,2025-12-05 00:00:39,pindai QR elorrr mulu susah login
Sandi Hermawan,2,2025-12-04 22:42:14,bagus sih kalo ada ktp digital tapi ribet kalo harus kekantor sipil kadang kita nuggu lama. haya ngurus scen barkot kenapa ga harus langsung kirim lewat email ajh kalo ujungÂ² yah kekantor sipil mah meding ga jadi bikin KTP digital bukan yah mudah malah ribet.
Satria Pratama sejati,1,2025-12-04 16:29:57,"terlalu sering ke logout, kalo mau login masa harus ke kecamatan dulu ??? birokrasi ampas"
Annisa Salsabilla,1,2025-12-04 15:56:29,tidak praktis dan menyusahkan
Junaidi,1,2025-12-04 14:03:19,Tidak ada fitur untuk mengunduh dokumen. Update bukannya mempermudah malah ada ada aja fitur yang dihilangkan.
Faris Putra,1,2025-12-04 13:14:26,"buat apa online kalau harus berhadapan dengan petugas. gunain uang rakyat tp ga becus kerjanya, anggaran besar untuk aplikasi ga berguna seperti ini. ginilah kalau masuk kerja nyogog atau titipan org dalem. GA BERGUNA karena ga kompeten di bidangnya."
Hariyati Amin,1,2025-12-04 12:51:41,Perangkat anda tidak kompatibel dengan versi ini ğŸ˜ğŸ˜‚ğŸ¤£
Bang Eddy's Channel,1,2025-12-04 12:08:50,Ini bagaimana ceritanya? kita ingin daftar online tapi butuh kode Qris didepan petugas. Mohon diperbaiki lagi layanan aplikasi ini. Terimakasih.
Zain,2,2025-12-04 10:59:56,"Proses sampah, dah tau namanya kependudukan DIGITAL malah suruh ke kantor, APK LEMOT."
Ery Ekklesia,5,2025-12-04 10:41:01,Tingkatkan!
Rrffa Haydar,1,2025-12-04 10:32:38,"naha si yaallah eror eror wae padahal ker butuh, KTP lho iyeteh. lain apk ngegame aya eror wae sagala"
Slamet Rofik,3,2025-12-04 10:04:49,sering logout sendiri
Daffi Si bungsu,1,2025-12-04 09:38:14,"sayang nya harus Dateng ke petugas dukcapil untuk bisa mendapatkan kode QR, sangat sulit bagi orangÂ² perantauan tuk bisa punya akun ini. coba diperbaiki lagi biar lebih mempermudah masyarakat yang sulit menjangkau kantor nya. saya lihat aplikasi dukcapil daerah lain ga sesulit ini malah gampang tuk mengurus suratÂ² penting terkait kependudukan dan semacam nya hanya via online dalam 1 aplikasi, seperti adinda Inhil."
Lia Sampit,4,2025-12-04 08:40:48,lebih mudah dan efektif
Dina Olifia,5,2025-12-04 08:31:28,awesome
Ressi Irifaing Kusuma,1,2025-12-04 08:28:16,aneh banget pdhal uda terdaftar terverifikasi tapi ke log out sendiri gabisa login. bikin aplikasi ribet banget
Musik Teknologi18,1,2025-12-04 07:56:40,"gak guna,udah ada KTP fisik Maska gak Ter integrasi dengan auto login akun?,harus daftar KTP online ke dukcapil lgi kah?,kocak bener."
Cheryl,1,2025-12-04 07:32:32,"tlong lah kasih untuk donload, biar kita bs print sndiri gk hrus ke klurahan lg"
Muhammad Munir,1,2025-12-04 06:49:03,online tp utk scan QR tetap harus ke kantor dukcapil ğŸ¤¦ğŸ¤¦ğŸ¤¦
Siti Undalis,1,2025-12-04 06:26:52,ANEH
Tasirin Ad,1,2025-12-04 06:21:18,ini sangat membantu kemudahan dalam pengusulan masyarakat
Dika,1,2025-12-04 06:06:41,aplikasi pemerintahan cacat semua
anang suryana,5,2025-12-04 05:46:40,terimakasih... pelayanan nya sangat ramah dan memudahkan kami warga bandung
Zhian Gio,1,2025-12-04 03:57:20,cara pindai kode QR gimana
Bayu Azka,1,2025-12-04 03:55:54,"lemot banget ini aplikasi nya, gak bisa buat yang lebih bagus apa ? ini kan aplikasi pemerintahan, masa kualitas nya down, jngan mikirin cuannya aja lah, nagaco pada"
Ahmad Fuad,1,2025-12-04 03:53:27,"Fungsinya apa? Mau buat akun baru malah pilihannya daftar offline, ini applikasi dibuat untuk mempermudah apa mau mempersulit. Gimana mau maju negara ini, harusnya applikasi online ya daftar online, verifikasi semua lewat online, ngapain kita disuruh daftar offline, sungguh membagongkan. Di era digital kita masih disuruh datang hanya untuk verifikasi pembuatan akun baru, sungguh diluar nalar pemikirannya. Sudah bagus dulu ada Web namanya Siap Om, sekarang malah dialihkan ke applikasi ini."
Ridh Wan,5,2025-12-04 03:14:11,Saya lupa pin IKD. Harus bagaimana cara mengembalikan pin saya
Yogi s,5,2025-12-04 03:12:36,ok
Pulung Mahendra,5,2025-12-04 03:01:02,mau tanya... apakah membuat surat pindah dengn menggunakan apk IKD sudah tidak bisa lagi?...
Shuhardi9066 Shuha,4,2025-12-04 02:33:32,cukup memuaskan
Lisna wati,1,2025-12-04 02:05:26,"apk belum layak sih ini, payah di akses"
Bang Latif_08,5,2025-12-04 00:19:18,cari Indentitas Online Pake Aplikasi Ini
Tuti Alawiyah,5,2025-12-04 00:00:05,mempermudah masyarakat yg membutuhkan info terkait data kependudukan secara efisien dan cepat
Arif Yunianto,5,2025-12-03 23:57:47,mantab
All About,1,2025-12-03 18:37:29,"aneh banget, aplikasi online harus daftar offline punya negara begini amat ya kaga maju maju"
Abd Asis,2,2025-12-03 17:11:00,setelah update malah gak bisa masuk
Busen,1,2025-12-03 15:08:06,semakin lama semakin jelek tak bisa di perbarui
Tusman Tusman,5,2025-12-03 14:48:35,sangat baik untuk kesejahteraan masyarakat
Ajiputra Priamahal,1,2025-12-03 14:11:48,"gak logis katanya digital sama aja dong ke dukcapil nya tolong lah jangan kayak gitu itu namanya bukan permudah tapi persulit,orang mau nya praktis gausah pergiÂ² jauh ke dukcapil iya kalo rumah nya Deket kalo yang jauh gimana hadehh"
Maskur Subuh,1,2025-12-03 13:56:15,"loading lama, dan selalu log out, tiap kali mau pakai harus log-in ga bisa otomatis"
Dery Fathur,2,2025-12-03 13:49:46,"kok saya harus registrasi lagi ya? padahal dulu udah terdaftar. malah muncul tulisan ""Identitas tidak ditemukan"""
Haslinda Depi,1,2025-12-03 12:45:00,tidak ada fungsinya yang ada jual data diri
gio andrian,3,2025-12-03 11:52:26,kode QR tuh yg di KK bukan sih ? tolong di balas
Hermawan Cristianto,5,2025-12-03 11:32:05,lebih canggih
MDS,1,2025-12-03 11:23:58,Pengajuan permohonan tapi tidak di tindak lanjuti.. percuma pakai aplikasi kalo masih harus datang juga pengurusan secara offline
Mr. Morat,1,2025-12-03 11:21:42,tidak support android 15 tolong segera diupdate
E Budhiono,5,2025-12-03 09:23:58,mohon info KTP digital koq ga bisa diakses ya kenapa?
Supri Yadi,5,2025-12-03 05:29:19,mantap
Ari Sati,5,2025-12-03 05:23:39,"aplikasi sudah sangat bagus, tolong tambahkan fitur download di dokumen kk, biar kalau ada kerusakan kita tinggal print sendiri tanpa harus di desa untuk minta cetak"
Shofi Wahyu Salsabila,1,2025-12-03 04:34:08,Aplikasi gak guna. Menuhin memory aja
Uzlifatul Jannah,2,2025-12-03 03:04:27,"jaaaaauuuhhh seeeekaaaaliiiii, harus ke kebupaten, kalo Deket mah enak, ini jaaauuuuhhh"
dede komar,5,2025-12-03 02:40:09,saya bikin surat pindah di ikd tapi kok belum beres2 belum keluar sertifikat
Wiranto Wira,1,2025-12-03 02:03:40,pembacaan kode QR selalu gagal
Imam Cahyono,1,2025-12-03 00:53:26,"sudah di instal di isi data yang benar, foto, ujung ujung nya gak bisa di pakai aplikasi nya, gak tau salah nya di mana"
SMA Negeri 3 Seulimeum,1,2025-12-03 00:30:58,"terlalu sering update, dan sekarang hp saya tidak lagi kompatibel dengan aplikasi, pengambang aplikasi memang luar biasa jahatnya"
Mutia bhawel,1,2025-12-02 22:36:33,gk bisa d buka
Dark Hunter,1,2025-12-02 22:28:46,"apalikasi gak guna, uda sabar nunggu update terbaru, sama aja gak bisa di buka, pasword salah terus, gak ada fitur ganti pasword halaman login"
Adi betot,5,2025-12-02 21:17:36,bagus dan pengerjaannya sangat baik cukup datayke kecamatan lalu minta barcode dr dukcapil jadi deh KTP digital
Andi Prasetyo,5,2025-12-02 17:22:15,OKE
acin andriyatna,5,2025-12-02 16:50:00,kenapa apk ini tidak tampil di layar saya
mohamad Safrianto,5,2025-12-02 14:51:49,"harusnya logo IKDnya berwarna cerah biar GK saru dgn wallpaper ataupun tema di hp yg sekarang ini,trimakasih sebelumnya !"
GATOT SUTOYO,5,2025-12-02 14:31:31,Good
Aryana mulia Telaumbanua,1,2025-12-02 14:28:11,bikin susah aja ni aplikasi susah kali logins
Mama Hasan,3,2025-12-02 13:31:05,tolong tambahkan 'lupa pin' karena saya lupa pin nya.
Sedoy Mampet,1,2025-12-02 13:01:02,aplikasi gak berguna.. konsenya online dan digital tapi daftar harus ke ducalil.. Indonesia Indonesia wkkwk
MUHAMMAD FADHILLAH 01,1,2025-12-02 12:30:17,apk sampah. sudah punya akun. pas mau login lagi swafoto malah tidak terdaftar aneh....
Qiana Ajah,2,2025-12-02 11:08:26,"Apk Negara (pelayanan Publik) kok Receh bgt yağŸ˜Œ Tampilan Biasa aja, tidak ada pelayanan online misal (Live chat). Perubahan Data juga Tidak lengkap (Perubahan Pekerjaan, tgl lahir, Jenis kelamin TDK ada) payah sekali."
Atin Sumarni,5,2025-12-02 09:06:17,Alhamdulillah lebih praktis bisa lngsung melihat data
Mas Tata,1,2025-12-02 08:06:46,tetap saja program digitalnya tak semudah semestinya malah di persulitkan masarakat
idrus sardi,1,2025-12-02 07:44:29,fungsi belum di ketahui
danang setiawan,2,2025-12-02 06:19:31,GK bisa masuk susah bikin ikd
Gaffar Capil69,5,2025-12-02 04:52:10,kerenz semoga terupgrade terus
KOPI HITAM,1,2025-12-02 04:04:44,stuck di swafoto ...
Ahmad Thoni,3,2025-12-02 03:17:54,apakah daftar nya harus di kantor desa ya? soalnya saya daftar di rumah gagal terus udah beberapa kali
Wandira,5,2025-12-02 02:03:25,mempermudah bangett
Kristina Feny Kurniawati,2,2025-12-02 01:59:25,ğŸŒğŸ«‚Iya Bagus KokâœŒğŸ»ğŸ˜
Arthur Sebasciel,2,2025-12-02 01:51:00,"minta diupdate, tp setelah diupdate malah ada notifikasi kegagalan minta dan minta di update. pdhl sudah diupdate"
Valetta,1,2025-12-02 00:30:57,aplikasi gk guna. tampilan yang terus berubah2 dan error. sedangkan instansi masih perlu ktp fisik dari pada digital. gk guna intinya
Rmdni Srd,1,2025-12-01 22:03:43,"Aplikasi ga jelas kalo lama ga dibuka harus daftar ulang lagi pas genting genting nya di data ulang malah gagal,,"
Linda Widiya,1,2025-12-01 22:00:58,lah harusnya udah daftar bisa dibuka aplikasinya ini enggak bisa
EME CARMA,1,2025-12-01 18:41:38,aplikasi setelah diupdate dari logo Garuda ke logo IKD malah gak bisa login dan gak ada menu pilihan lupa password.
Fabyan Werang,5,2025-12-01 17:09:21,Ok
Eko Pudyastowo,5,2025-12-01 17:00:40,baru saya update .... bagus...
Ğ¤Ğ°Ñ‚Ğ¸Ğ¼Ğ° Ğ”ĞµÑ‚ĞµÑ‚ÑƒĞ°Ğ½Ğ¸Ñ,1,2025-12-01 13:28:05,"klw sistem online,kenapa harus daftar offline juga,sama saja datang langsung ke kantornya"
Martinus Onibala,1,2025-12-01 13:14:42,LBH cepat dan mudah digunakan
Andzar 04,1,2025-12-01 12:42:03,"PENGAJUAN DITOLAK KETERANGAN NYA HURUF NYA HARUS KAPITAL, LAH PADAHAL UDAH NGETIK NYA PAKE KAPITAL SEMUA TAPI PAS PENGAJUAN DAN DI LIHAT DI MONITORING KOK BERUBAH JADI KECIL HURUF NYA ANEH. PADAHAL MAH BISA DIA RUBAH KAN DIA PUNYA SISTEM NYA, EH DI BIKIN RIBET MALAH DI REJECT."
Firdaus Alam,1,2025-12-01 11:57:17,"saya kira ada aplikasi spya lebih mudah krna online, sekalinya hrs mengurus scra offline jg ke kantor kelurahan. sungguh sangat gaptek"
Aisya Dina,5,2025-12-01 11:25:32,ok aplikasi in bos
Kalam Buai99,5,2025-12-01 10:47:22,"aplikasi sampah,, tak berguna,,"
DigiTamaCorp,5,2025-12-01 10:35:46,5star
Alfath QarizhSA,3,2025-12-01 09:50:32,ini aplikasi kenapa ya? sejak 2hr lalu gk bisa di buka terus sampe saat ini???
Muhammad Refli,1,2025-12-01 09:14:55,"aplikasi ribet, untuk apa dibuat aplikasi jika harus tetap mendaftar akun harus offline. padahal tinggal masukin NIK ktp, identitas lainnya seharusnya Sudah bisa akses akun"
372_ Shese,1,2025-12-01 08:30:40,Ribetttttt banget harus offline didepan petugas
Sunarto Narto,5,2025-12-01 07:56:37,sip mantab
Abenk putra,4,2025-12-01 07:41:20,tolong di perbarui saya udah aktifiasi di kantor kecamatan tapi aktivasi akun tidak dikirim ke email yg saya daftarkan
Lambok,1,2025-12-01 07:10:20,sangat buruk pelayanan
ALDHI BESTARI,1,2025-12-01 05:57:25,"kenapa sesulit ini sih, padahal cukup masuk ke website aja download e-KK, gausah pake aplikasi2 gini, padahal se simple itu, inima masuk aplikasi aja ribet"
Mutamimmah Mutamimmah,1,2025-12-01 05:37:48,sebenarnya ini masih aktif atau tidak ? sudah berapa kali masuk tetap error
Febriyanto eko saputra Koko,5,2025-12-01 04:48:19,sangat baik
Edi suroso,1,2025-12-01 03:29:33,ga bisa dibuka
liska chanel,1,2025-12-01 03:09:41,pin sala trus padahal sudah benar saya mau masuk lagi ke apk nya dan ngk bsa tolong di jawab dan di benarkan
adam sebastian,1,2025-12-01 02:31:58,"percuma menu pelayanannya di dispenduk sampang jatim gak lengkap. entah kualitas SDM pegawainya yg gak bs menten ni apk ato emang apk nya cm hore2 di medsos tp gak guna di lapangan, sekedar menggugurkan tanggung jawab.. auto antri sampe ratusan orang.. padahal andai di menten sangat memudahkan.. g perlu beramai2 antri.. ntah kenapa untuk kab sampang jatim masih terbelakang.. lebih mengutamakan antrian manual.. mending gak sah sok2an pake digital kemnetrian dispenduk.."
Minot Lima,1,2025-12-01 02:14:36,app jelek busuk ga bisa login
Haura Tsabitah,1,2025-11-30 19:54:48,"apk gjls makin ksni makin aneh. udh jelas2 udh daftar langsung ke desa giliran mau masuk akun tidak di temukan padahal pin udh bener.bukan cuma 1/2x bgtu, payahh, jadi bikin sulit orng aja.ğŸ‘ğŸ»"
Agus Setiawan,5,2025-11-30 15:15:43,Aplikasi dapat digunakan sesuai dengan kebutuhan yg bisa diambil dari aplikasi IKD.
GOJEK DRIVER,1,2025-11-30 10:59:50,geblek ğŸ¤£
Aro Hura,2,2025-11-30 06:58:14,susah masuk
Shandy Ramadhan,5,2025-11-30 06:18:25,Bagus
Abdul Hadi,5,2025-11-30 05:56:41,Sangat membantu BISNIS ABDUL HADI. Semua data aman terpercaya dan dijamin kerahasiaannya.
MuMi,1,2025-11-30 03:49:22,"dipermudah lagi registrasinya...gila...bikin akun saja harus scan barcode ke petugas capil, kalian tau jarak capil berkiloÂ². digital apaan ini !? aplikasi asal asalan!?"
ronal anwar,1,2025-11-30 02:52:37,ribet
Lutfi Murdani,1,2025-11-30 00:56:37,g jelas pemerintah di bikin susah rakyat dah tau kalangan masyarakat bawah hp nya biasa aja ini stelah di update malahan ga bisa didukung hp android manag nya harus pake kaya gimana nyusahin aja
Ruang Hati,3,2025-11-30 00:06:57,bingung kode QR dimana sih?
NURLENI,1,2025-11-29 23:14:43,"masa pas apdet data saya jadi ilang sih, padahal kan saya udah daftar ikd di kecamatan, mana pas mau login swapoto nya susah banget, perbaiki dong min gimana sih"
Kumagawa Misogi,4,2025-11-29 20:24:28,tolong saya plisss
irul Grafika,1,2025-11-29 18:05:12,"saat aplikasi di update yang terbaru jadi susah masuk ke menu. padahal sinyal internet aman, mencoba login jam 1 malam tetap eror. sudh d uninstal hasilnya tetap eror. untuk saat ini aplikasi ini tidak recommended. rugi waktu ke DISDUKCAPIL untuk verifikasi, hasilnya tetap tidak bisa d akses"
Annoe Ano,3,2025-11-29 13:09:11,3 dlu belum di coba
RIZKY AMALIAH,4,2025-11-29 13:02:42,ğš”ğšğš—ğšŠğš™ğšŠ ğšœğšŠğš¢ğšŠ ğšğš’ğšğšŠğš” ğš‹ğš’ğšœğšŠ ğšğš˜ğš ğš—ğš•ğš˜ğšŠğš ğšŠğš™ğš•ğš’ğš”ğšŠğšœğš’ ğ™¸ğ™ºğ™³?
Soleh Khudin,1,2025-11-29 09:43:11,"aplikasi masih aneh, setiap kali mau masuk harus isi data lengkap dulu,"
bang baron,1,2025-11-29 07:59:42,aplikasi bukan memudahkan malah bikin ribet dan lama percuma online kalau daftarnya juga harus ofline
debrin tubeU,1,2025-11-29 06:26:13,"kalau sudah terblokir harus ke dukcapil lagi,, itu bukan solusi. bikin aplikasi gak perlu wah ,yang penting ringan dibuka, mudah dipakai ,bisa ke semua platform OS, stabil, belajar dari aplikasi BPJS kesehatan sudah lebih baik"
Jawara Betawi,1,2025-11-29 05:06:10,apk nya eror gak bisa buat daftar nya.
fahsya,3,2025-11-29 04:20:30,"pengen cek ktp, malah disuruh update. sekalinya mau di update malah nggak berkompatibel"
Moza Nury,1,2025-11-29 02:19:57,"parah aplikasi gak guna, berkali2 login selalu berhenti di izinkan kamera, hapus aja aplikasinya. percuma ada aplikasi kalau penggunaannya ribet. buang2 anggaran."
Rendi Irawan,3,2025-11-28 15:45:38,untuk menu yg lain nya saya bisa masuk. kenapa masuk menu pelayanan tidak bisa. tolong dibantu agar APK nya bisa di gunakan sebagaimana mestinya
Handoko Raja,5,2025-11-28 14:45:23,mantap
Adi Nugroho,1,2025-11-28 14:29:44,sekelas pemerintah aplikasi kaya gini malu maluin
Cici Amelia Susanti,2,2025-11-28 12:33:20,aplikasi apaan ini... minta perbarui udah di perbarui.. minta swafoto .. eh tombol swafoto GK fungsi.. tolong cek aplikasi ny donk staf dukcapil.. aplikasi jelek begini.. udah sering saya cek ini apk GK ada perubahan.. tolonglah stf dukcapilll perbaikannnya.. trims
TVne DW,1,2025-11-28 12:09:18,"TIDAK BERGUNA !!!! minta izin foto dan video di prangkat ,mikrofon sembarang..!! gila-gila hati kawan pemerintah ingin mengetahui/memantau dan bahkan bisa hack data2 paling privat ,saran yg di pakai harus prangkat yang steril !"
Rudy Yusron,2,2025-11-28 11:22:03,"tiap masuk suruh daftar lagi, bosen"
KMKZ 101,1,2025-11-28 11:04:36,mohon diupdate samsung a55 5g android 15 tidak suppot
ayy immo,2,2025-11-28 11:03:48,"ini aplikasi gimana si, ini kan pelayanan online tp daftarnya harus luring, hah???? buk pak, kalo emang hatus offline2 juga ngapain pake aplikasi bikin ribet, dari tempat saya, capil tuh jauh bgt, ongkosnya aja 200 ribu. ya allah gak ada niatan memudahkan warganya apa. di tempat saya bikin kk, ktp mahal, karena jauhnya akses ke capil, pegawai desanya cuma tau duit2, jadi enggak, bnyak warga yg disalahkan kalo data gak update tp nyatanya memang sulit. bnyak yg tidak tersentuh bansos gara2 data"
Elis Tjong,1,2025-11-28 10:03:36,"TERLALU LEMOT, LOADINGNYA PARAH, LAMA BANGET. update bukannya bagus malah sama aja. untuk skrg aplikasi pemerintah yg paling bagus cuma JKN sisanya bintang 1"
Agus Purwanto,4,2025-11-28 09:08:11,"suka login ulang tertulis masuk device baru,, padahal kgk pernah ganti device,jd harus setting ulang, udah oke biometrik jg msh ulang lg ini BAGAIMANA,,??? TOLONG PERBAIKI"
nissa aini,1,2025-11-28 09:00:52,"kalau memeng sudah digital kenapa harus daftar offline dlu di depan petugas, ini rawan calo dan pungli sih menurut saya"
adityan official,3,2025-11-28 08:14:43,ikd gak bisa buat perubahan data pekerjaan ya kak?
Err,1,2025-11-28 07:03:26,"TOLONG DONG BARU AJA DAFTAR DI KECAMATAN UDAH BISA TINGGAL NUNGGUIN EMAIL BUAT AKTIVASI AKUN NYA GA MASUK MASUK UDH 24JAM DITUNGGUIN, HARUS NUNGGU BRP LAMA LAGI CUMA SECERCAH EMAIL DOANG LAMA NYA MINTA AMPUN"
Untung Mudjiono,5,2025-11-28 05:07:41,sangat di mudahkan
Ø³ÙŠØ¯Ù†Ø§Ø¹Ø±ÙˆØ© Ø§Ù„Ø¨Ø§Ø±Ù‚ÙŠ,1,2025-11-28 04:22:32,S&k Nya kurang membantu masyarakat. ngapain pendaftaran harus offline
Susanto Jonges,5,2025-11-28 04:06:31,Mantap
Dedeh Althea,2,2025-11-28 03:42:16,tidak bisa di install
Ahmad Dzulkaryana,2,2025-11-28 03:30:45,"Saat membuka aplikasi IKD setelah menyetujui syarat dan ketentuan akan diarahkan ke pemilihan cara masuk, karena pengguna baru jadi harus daftar offline di dukcapil kecamatan."
Samson Hero,1,2025-11-28 03:11:17,sudah bisa lain hari buka malah hk bisa di buka malah suruh buatakun daftar lagi....aplikasi ripet seteleh update
Subhan Imani,5,2025-11-28 02:52:03,bagus
DOBRACK CARTER,5,2025-11-28 02:38:46,good
putri trya lestari,3,2025-11-28 01:44:17,"mohon maaf saya kasih bintang 3 karena sesuai kenyataan mohon di perbaiki ya mau perbaiki KTP aja lemottt banget ke back 1 kali ,gak bisa scan kode jadi belum beres KTP saya."
Jimmy,5,2025-11-28 01:40:01,aplikasi yang membantu
pitik cilik,1,2025-11-28 00:14:06,"desain jelek, server lemot sering maintenance, gk jaminan data kita aman, sok2 an bikin digital tp dana gk maksimal ya gini, struktur apk nya ya ampuuuuun"
Indah Fajriah,1,2025-11-27 23:06:33,apaan udah daftar pin juga bener malah ga bisa kebuka... verifikasi salah lah ...
ANDREAS WAHYUDI,1,2025-11-27 22:41:40,UDAH MASUKKAN IDENTITAS BENAR KETIKA VERIFIKASI KOK GAGAL?? YG BENAR LAH BIKIN APLIKASI NYA
Unan Junjunan,5,2025-11-27 19:52:31,"terimakasih,Sudan bisa di unduh lagi,tinggal kunjungan ke Disdukcapil utk aktipasinya"
Widia Rahma Sari,1,2025-11-27 16:53:16,"Loading sangat lama, aplikasi jelek. Harusnya aplikasi negara itu berkualitas, aksesnya cepat, jadi kalo orang mau ngurus berkas itu mudah, cepat, satset, lah ini nunggu lama ada mungkin 1 jam. Tolong diperbaiki, upgrade kecepatannya dan tolong kalo udah pernah log in itu jangan tiba-tiba ke log out, ini mau masuk lagi susah, harus ulang aktivasi dari 0 lagi, ya kalo ngurusnya mudah, ga, harus lewat kecamatan lah, ini lah. Bukannya mempermudah malah mempersulit masyarakat, mau sampe kapan? stuck"
Zaenal Abidin,5,2025-11-27 15:32:50,biar KTP ketinggalan saya bisa lihat di IKD
Mas Mamang,5,2025-11-27 13:00:50,mantap
rian tri murjanto,1,2025-11-27 12:54:48,"aplikasi minta di update,habis di update malah data tidak di temukan"
sabililah rahayu,1,2025-11-27 12:16:09,aplikasi apaan. kaya anak SMA suruh update malah hilang. tidak compentibel jelek banget
Satya Prawira,1,2025-11-27 11:20:55,Apa guna nya IKD kalau urusan di PT.POS & yg lainnya masih saja di persulit... Benar-benar tidak jelas fungsinya tidak bisa berlaku...
Amerrr Gaming,1,2025-11-27 10:29:23,apk pemerintah emng bobrok semua yaa? susah bet perasaan masuknya
Ismail Dimyati,1,2025-11-27 10:03:03,aplikasi nya aneh... blm punya akun disuruh daftar tapi pilihan nya daftar (offline) & sdh ppunya akun.. setelah daftar offline ternyata hrs scan QR petugas.. aplikasi kan di buat untuk mempermudah masyarakat yg tidak perlu hrs ke kelurahan.. bukannya mempersulit.. hadehh
pras pintarnya,1,2025-11-27 09:50:38,makin parah aja jadi gak bisa support sama sekali.kacau nih IT nya kenapa gak versi yang sebelumnya.saya gak bisa lihat data saya kalau begini caranya gimana coba.main ribet aja
srihardarmantik,1,2025-11-27 09:22:40,Online tp malah buat sengsara cara daftarnya hrs ke kantor gk masuk akal
Afri Hidayat,1,2025-11-27 08:31:18,Ternyata daftarnya masih harus datang ke dukcapil. payah.
R Bee,5,2025-11-27 07:33:23,"proses bikin akte kelahiran blm punya nik,, proses nya ko lama ea... udah ampir 2 minggu msh blm d proses.."
Rhika Puspita,1,2025-11-27 07:13:22,KECEWA..... FUNGSI KAMERA VERMUK GAK BERFUNGSI
Putri Komalasari,2,2025-11-27 06:15:17,lama bener
Rico Ade Fantasia,1,2025-11-27 04:50:55,"aplikasi gak berguna. mau ajuin kk, akta kelahiran, dan KIA. harusnya bisa lewat online,,gara-gara IKD ini saya harus ke gedung capil untuk minta barcode,, abisin bensin dan waktu, tolong kalo bisa verifikasi langsung lewat email aja. gak usah berbelit2. katanya BerAKHLAK. gak smart ASN kayagini mah! manajemen nya kurang! diperbaiki lagi kinerja nya."
Nita Rosiana,3,2025-11-27 03:29:39,"sudah didaftar dibalai desa ,setelah beberapa bulan aplikasi diperbarui ,mau masuk aplikasi tidak bisa ,pdhl sudah didaftar jadi harus masukin lagi nik nya . habis itu harus foto ,lemotnya minta ampun . sudah foto tapi tidak bisa . jadi tolong. jika sudah terdaftar mau login jangan dipersulit ,tinggal masukin password aja mohon ditingkatkan lagi servernya"
Taufik,1,2025-11-27 02:40:50,"aplikasi tidak berguna, tidak bisa digunakan dalam kehidupan sehari hari, tidak seperti identitas fisik/ KTP"
Anisa Nisaaa,1,2025-11-27 01:44:01,Tidak bisa di download kartu keluarga
Nilaa Lyn,1,2025-11-27 01:01:46,tdk bs scan qr
Antareza Satria,1,2025-11-26 23:56:31,geblek. digital aja kalo bisa sulit kenapa dipermudah.. ini apk anggarannya berapa T sih??
Maulidya Putri Pratama,1,2025-11-26 23:26:44,"tolong adakan opsi print KK donk, sudah digital tapi tetep aja pada menta fisik... copy KK habis nih"
Setyo Martono,2,2025-11-26 18:50:55,"waktu pertama bikin di kantor kelurahan bisa dibuka,tapi gak pernah kepakai.Sekarang malah gak bisa dibuka walaupun sudah terinstal."
Suwarno Aji,5,2025-11-26 12:43:17,sangat berguna
Retno Dwi Utami,2,2025-11-26 12:17:00,jadi susah kalo mau verifikasi e-wallet mempersulit bukan mempermudah
Agus Tej,1,2025-11-26 12:07:16,aplikasi tidak berguna
Effe Top,1,2025-11-26 11:39:56,Lah kocak..klo mau bikin akun baru tetap harus dtg ke kantor nya & login didpn petugas nya..trs guna nya aplikasi online apaan klo ttp harus repotÂ² dtg ke kantor??
Ade H. Priatna,1,2025-11-26 09:11:11,"Ribet harus datang offline, padahal namanya E-KTP"
Ben Steven,1,2025-11-26 09:03:51,"tetap tidak menyelesaikan permasalahan, musti datang ke kantor dukcapil, apa gunanya aplikasi kalo masih wajib ke kantor dukcapik kapan indonesia bisa maju buuuuruuuuukk!!!"
Sumadi Madi,5,2025-11-26 07:33:49,ğ‰ğ¨ğ¬ ğ¦ğšğ§ğ­ğšğ©
linda ema,1,2025-11-26 06:50:24,"kurang efektif, diadakannya aplikasi itu untuk mempermudah proses online, ini harus verifikasi dulu datang ke dukcapil.. sangat tidak membantu"
Ari Dwi Saputra,1,2025-11-26 06:41:16,gak kejamin data lu aman di nih aplikasi gw ragu server nya aja busuk bet sekelas aplikasi pemerintah
Tasmania Tasmania,5,2025-11-26 05:41:36,kenapa aplikasi tidak mau terbuka
sahroni aliansi,1,2025-11-26 05:24:33,"mau Masuk di suruh Update, mau di Update tidak bisa ada peringatan Perangkat Hp anda tidak bisa menerima... server Pusat error..."
Andra Patoni,2,2025-11-26 04:52:42,udah daftar minta kode QR .trus kode QR suruh minta ke petugas .trus gunanya apa donlowd aplikasi ini klo orangnya di luar negri..bikin aplikasi yang agak pinter kyak luar negri GT lo
Zae Andalas,1,2025-11-26 03:41:37,jelek banget
ZAID REZA AL GANZAL,5,2025-11-26 03:35:35,good
Alex Sunarso,5,2025-11-26 03:26:52,siip
BEGAWAN SUJATMIKO,1,2025-11-26 02:57:10,APliKasi yang sangat sangat memBAGONGkan
august romdhony,1,2025-11-25 22:58:53,"Aplikasi sampah... Selalu mendaftarkan ulang jika tidak dibuka lebih dari 1 minggu. Lebih baik tidak usah dipakai, hanya proyek pengadaan yang menyulitkan masyarakat"
singgih .D. ACE,1,2025-11-25 21:59:04,"UDAH PAKE GIMMICK ONLINE, DAFTAR AKUN MASIH HARUS OFFLINE? INI APLIKASI BUATAN KOREA UTARA APA GIMANA?"
Khoirun Niswatin,2,2025-11-25 21:47:30,susah di akses
Irwan N,1,2025-11-25 14:45:22,jadi tidak ada fungsi
Mesya Anggita,2,2025-11-25 12:14:54,"AQ ganti hp android versi 15 tidak bisa buka aplikasi, pdhl hp sebelumnya bisa untuk buka. solusinya gimana min...?"
Ulfa Hasanah,1,2025-11-25 12:03:06,tidak puas
Tarmo Virgo,3,2025-11-25 11:59:25,Setelah di update aplikasi malah tidak bisa masuk akun tidak terdaftar / verifikasi salah aneh
Noki,1,2025-11-25 11:18:40,"APLIKASI CACAT MASA LUPA PIN HARUS KE KANTOR CAMAT/BALAI DESA, SEHARUSNYA TAMBAHKAN FITUR LUPA PIN NGEREPOTIN ORANG AJA"
Yopanie Oktavia,1,2025-11-25 11:13:41,sesudah di update aplikasi nya ga kebuka
Ida Mawar,5,2025-11-25 10:05:25,terima kasih
wawan wawan,1,2025-11-25 09:58:50,Susah dibuka.
Hasan Altsr,4,2025-11-25 09:35:15,"aplikasi ini berguna banget,jadi gak usah keluarin KTP dari dompet lagi"
saeful anwar,5,2025-11-25 08:49:43,Aplikasi tidak bisa di buka
Aurora Gamers,1,2025-11-25 08:09:29,Bukannya mempermudah malah nyusahin. Orang lupa pin mau reset aja ngga ada. Belum bisa kah buat skala pemerintah codingnya?
Ash_ official,1,2025-11-25 08:07:53,"masyarakat di suruh ikutin aturan pemerintah, tapi aplikasi nya paraaah banget login aja susah ribetttt.... eror mulu kaga jelas..."
Dodi Adian Putra,5,2025-11-25 07:09:21,bagus
Hari Setiawan 128,2,2025-11-25 05:51:06,"minimal dibikin lahh tulisan download KTP dan Kartu keluarga BIAR GAMPANG DISIMPEN DAN DICETAK, GAK PERLU LAGI REPOT2 HARUS KE DUKCAPIL CUMAN SCAN BARKOT BARKOT ITUU, GAK SEMUA ORANG RUMAHNYA DEKET"
Saepudin MZ,2,2025-11-25 05:49:37,"Bagaimana ini, sekelas aplikasi pemerintahan aplikasi error tidak bisa login. mohon diperbaiki, nanti biar bintang yang bicara"
Moch Efendy,1,2025-11-25 04:08:37,ribet aplikasinya nggak bisa efisien
Syaiefulloh Muhrim,5,2025-11-25 03:13:15,sangat flexibel
jonnasutte situmorang,4,2025-11-25 02:42:54,okeh
Arrafi'atu Arsy Almas,1,2025-11-25 02:32:41,perangkat sudah gabisa lagi mau update
Rahman Dgtaba,5,2025-11-25 02:18:28,suka
Muslimin Riono,5,2025-11-25 00:30:27,bagus
asep Suryanto,5,2025-11-24 21:48:38,keren banget
Tille Tatto,1,2025-11-24 17:28:17,"apa ni oi swapfto ga bisa"" sumpah klo aplikasi ga siap jngan di buplikasi n d bikin"
Neng Nurlatifah,2,2025-11-24 17:20:21,"seharusnya yang punya nik KTP gak usah daftar offline lagi, coba yang di luar negeri mau buat KTP yang hilang mau pulang dulu ke Indonesia?? pegawai kependudukan Indonesia penuh korupsi jadi offline atau online tetap di persulit"
Dom Bakry,3,2025-11-24 15:49:58,APK apa ini
Rudi Rudi,5,2025-11-24 14:27:56,bagus
aska fahmi,4,2025-11-24 13:37:53,baik responsif
Anisa Triyana,1,2025-11-24 10:55:47,"Apl ga jlas, ga guna pemerintah buat buat bgni klo aplnya semua eror"
Teguh Himawan,5,2025-11-24 09:34:55,sudah bagus
Nur Sakbaniah,5,2025-11-24 09:24:41,cukup bagusğŸ‘
Nazirni M. Yusuf,5,2025-11-24 09:13:53,Keren. Wajib punya.
Abdul Aziz,1,2025-11-24 09:12:32,aplikasi ruwet... harusnya lebih canggih... ini harus ke dispeduk... padahal ada fitur swacam... parah...
Rama Dhan,1,2025-11-24 08:12:14,"birokrasi pemerintahan gada yg bener, namanya kan digital masa daftar harus depan petugas ???"
Ino Lisno,1,2025-11-24 07:47:29,aps nya bukanya mempermudah malah mempersulit karena setiap membuka aplikasi nya kita harus lebih keseringan mengupdate.aps biasanya di update minimal sebulan skli lah ini kadang 2 kali seminggu
Slamet Triyono,1,2025-11-24 06:44:15,"gak guna, mau screenshot gak bisa dicetak langsung gak bisa, padahal butuh di print untuk kebutuhan perlengkaoan dokumen. udah tw apa2 dinegeri ini msh hars pake manual juga harusnya disertakan fitur yg bisa mendukung setidaknya print langsung."
Sri Pamungkaswati,5,2025-11-24 06:19:16,lebih mudah di akses dgn tampilan exotic dan menawan sayang bantuan dari pemerintah zero .... terima kasih
Megah Celullar,3,2025-11-24 05:38:09,aplikasi tidak kompatibel di perangkat saya padahal waktu itu bisa digunakan
Vico Yanuar Putra,1,2025-11-24 03:20:48,"produk gagal ,"
Jhon Terry,1,2025-11-24 03:09:32,Terburuk Susah login
Khansa Fathir Rey Althaf,2,2025-11-24 02:41:33,"aplikasi bagus, tapi tidak bisa untuk daftar bpjs, buka rekening bank, mereka tetap minta ktp fisik"
Mas Lana,1,2025-11-24 02:28:43,"baru di update malah gak bisa di buka eror. ampun deh. nanti yang di salahin penguna ikd, padahal app ikd nya yang gak beres..."
Ferry Septian,5,2025-11-24 02:27:08,good
Slamet Sinang,4,2025-11-24 02:18:10,gampang utk pengecekan
Tinah Tinah,1,2025-11-23 16:46:39,"jujur aja aku tuh kesel banget, kalo emang apk ini mempermudah kenapa begitu apk ini di perbarui, akunnya malah ilang dan ketika mendaftar lagi sesuai peraturan di apk kenapa tidak bisa dan itu selalu gagal untuk masuk ke akunya"
tardi sda,5,2025-11-23 15:35:06,memembantu dan mudah untuk di pake
Bunga Wulandari,2,2025-11-23 14:31:07,harusnya bisa menambahkan anggota keluarga baru untuk pasutri yang baru nikah sih
Sultanrizki M,1,2025-11-23 13:27:13,KONEKSI EROR PADAHAL JELAS JELAS SINYAL BANYAK APLIKASI GA BERKUALITAS
Mohkherudin Udin,2,2025-11-23 13:10:30,tolong identitas KTP nya seluruh yang ada di KK nya.. jangan cuma satu saja....
Xcho Supriyadi,5,2025-11-23 13:05:40,terkadang sudah di buka data nya suruh muat ulang saya terkadang agak bingung
Sarono Setiyawan,1,2025-11-23 13:05:34,"aplikasi sering erorrr, gak tau niat bikin apa ngga ini"
Abizar Alfathur,5,2025-11-23 13:04:31,mudah untuk d aplikasi kan dan data data diri menggunakan aplikasi ini
iwan kusharyadi,2,2025-11-23 12:50:56,aplikasi pemerintah sering error terus kebanyakan di korupsi nih
Bachtiar Maulana,1,2025-11-23 12:50:12,seperti biasa aplikasi buatan pemerintah pasti error
Choirur Roziqin,3,2025-11-23 12:32:35,setalah diperbaharui gak bisa masuk
Rafhi Ismail S.,1,2025-11-23 12:24:19,tambah anehh setelah update.. pas isi verifikasi pin ada tanda error terus.. padahal pin udah bener
Erik Gbastian,1,2025-11-23 11:52:37,koneksi terputus trus
An Toni,1,2025-11-23 11:44:28,"kenapa ini aplikasi IKD kok tidak bisa digunakan lagi,ada apa ya,kok jadi error gini."
Kahfi Rafsanjani,1,2025-11-23 11:26:47,"sering error', please deh sekelas pelayanan publik begini kualitasnya, kalian kerjanya apa sih"
Vmdareabanten,1,2025-11-23 11:19:15,"setelah ganti ponsel , pin saya jadi error, aplikasi aneh."
Ade Mulyana,5,2025-11-23 11:15:11,selalu update aplikasinya
ANOMI 029,1,2025-11-23 11:10:31,"anggaran negara dipakai membuat salah satu aplikasi yang gagal, mau daftar gagal terus. Developer/Coding nya kaga becus bikin aplikasi apa gimana. sini biar gua gantiin jadi developernya."
Anies Rufaida,3,2025-11-23 11:04:22,"masih suka ke logout tiba tiba dan eror saat mau akses akun, tolong segera diperbaiki"
Iyan Nopiansyah,1,2025-11-23 11:02:58,"Baru di update, gak bisa masuk..... Pin salah mulu. Aplikasi gak guna, Buatan makhlukÂ² Negara konoha emang lebih banyak cacatnya"
sum ratih,5,2025-11-23 11:00:28,cukup bagus
Teguh Rohmat,1,2025-11-23 10:54:35,"gajelas bgt mau login susah, pin udah bener gabisa masuk eror terus. aplikasi pemerintah gaada yg bener satupun. kalo pun emang lupa pin gaada buat ganti nya kalo mau login susah haduh gimana sih ini aplikasi diupdate malah makin gajelas!!!!!"
anjar sedayu,1,2025-11-23 10:54:05,"ngotak dikit klo bikin aplikasi, d download ga bisa d screenshot g bisa, terus bisa nya cuma nampilin, klo lupa password cara gmna ga da button pilihannya....."
nasim firmansyah,5,2025-11-23 09:57:50,mantap brooo
Muhammad Septian royhani,1,2025-11-23 08:33:23,aplikasi gk genah masa setiap mau masuk eror mulu
Kafka Aisyah,1,2025-11-23 08:20:16,"parah,setelah update aplikasi,kenapa pin ga valid, padahal sebelum update aplikasi msh bisa pake pin yg sama hadehh"
Moch. Anas Abidin,1,2025-11-23 07:31:50,habis update malah susah login.
Maman Polapa,1,2025-11-23 07:14:23,gak rekomendasi buat cek data
Vin Aika,1,2025-11-23 05:47:29,"Aplikasi tdk berguna ini.. cuma menuhin hp saja, td bisa untuk pengganti ktp. Bikin SIM SKCK harus ttp ada fisik dan alhasil harus foto pake hp lain karena tdk bisa d screenshoot.. Pdahal saat mau cetak ktp diarahkan pakai aplikasi nanti untuk pengurusan dokumen bisa dengan e ktp ini, nyatanya omong doang. Jangan sok sokan online kalau blm siap online. Kartu buat cetak ktp setiap tahun juga alasannya habis dibuat apa?? Cuma krtas aja ga adakah untuk anggarannya. Payaah payaah"
Marvita Sari,1,2025-11-23 02:42:01,aplikasi paling Buruk sepanjang masa
Rahmad Prambudi,4,2025-11-23 01:44:04,lebih praktis
ahmad zaky,3,2025-11-23 00:28:53,"sdh punya akun terdaftar d dukcapil dan sdh masuk apk tapi kenapa setiap mau masuk apk harus isi ulang biodata lagi seperti awal,, kan malesi,,,tolong d tingkatkan lg biar gak ribet,,ini kalau yg pegang hp orang tua mngkin gk berguna apk ini krn hrus isi biodata lg setiap mau masuk/log in.."
Suyanto Yanto,5,2025-11-22 23:39:56,Saya Mau Faftar kartu tanda penduduk secara onlen
Mohamad Fuad,1,2025-11-22 22:00:41,aplikasi setengah hati
Achrom Nurul Fatimah,1,2025-11-22 16:44:02,"pendaftarannya harus offline tidak seperti aplikasi ducapil wilayah lain, mempersulit warga untuk urus administrasi dan berbagai dokumen. percuma aja ada aplikasi kalau daftarnya harus tetep offline mempersulit warga yang berada di perantauan."
Anto Tok,1,2025-11-22 15:06:54,"mau daftar online, tapi harus dihadapan petugas. apa bedanya dg daftar offline... ? online yang mengofflinekan...."
Siti Zaenab,1,2025-11-22 13:33:12,apakah bisa buat kia anak?
Cikal Mania,5,2025-11-22 12:31:08,sangat bermanfaat
Karso Panjaitan,5,2025-11-22 12:10:20,sangat terbantu dengan aplikasi ini
Raden Yusuf,3,2025-11-22 10:38:04,"saya pernah gunakan aplikasi ini setelah 1 bulan lebih saya gak buka aplikasi nya, pas mau di gunakan mau buka aplikasi nya gak bisa lagi"
Citra NC,3,2025-11-22 09:42:16,"Kenapa Daftar Akun harus Offline??? Tadinya dengan adanya aplikasi kirain akan lebih simple dan mudah, kalo harus offline jarak dan waktu jadi kendala"
Asep Legok,2,2025-11-22 09:38:37,fungsi kegunaan belum bisa di rasakan oleh instansi yg lain walau digital tetap masih gunakan fotocopy an. contoh di puskesmas
Sayid Tarmizi,5,2025-11-22 08:41:32,"hati hati, setelah ada update, ada orang yang mengatasnamakan kecamatan untuk data ke kantor untuk aktivasi aplikasi"
Zoro Na,1,2025-11-22 07:13:23,dari dulu apikasi dri pemerintah emang tolol dan kalah dr swasta. yg namanya online ya online. ngapain pendaftaran baru di suruh datang ke kantor untuk menerima barcode. itu sama aja dg offline. kan tolol
Fajar Putra Octavidie,2,2025-11-22 06:42:42,"Mohon untuk ditambahkan menu unduh atau download dokumennya, agar dapat mempermudah pengguna. saya mau cetak KK tidak bisa."
Fanny Indriani,2,2025-11-22 06:10:09,"perbarui terusss.,, tiap masuk harus di perbarui.."
yazid renaldi,3,2025-11-22 06:05:43,kenapa ktp ga bisa di ss? menyulitkan
yogi kurniawan s,1,2025-11-22 03:49:21,aplikasi kaleng data nggak bisa di unduh maupun di screenshoot stop bikin aplikasi. nggak ad yg jelas ke gunaan.
Sahala Simarmata,3,2025-11-22 03:48:25,Cara unduh dan share bagaimana ? Masa tidak bisa ?
halason nainggolan,1,2025-11-22 03:01:27,"Aplikasi asal jadi.baru beberapa hari gak buka setiap mau masuk di suruh daftar lagi,setelah masuk disuruh update lagi.aplikasi bikin tambah ribet pokoknya aplikasi dan kantor Dispenduk sama2 ribetnya"
ahmad ramadha,1,2025-11-22 00:12:32,"tengik x aplikasi nya ah, sistem digital, pendaftaran gak bisa online, padahal informasi data diri sdh lengkap .. mulai dr no hp, email dan nik smp foto diri ... harus pulak lg ke kantor di darat ... bikin keq 2 option pendaftaran ..."
Baehaqi masruri,2,2025-11-21 22:12:13,tolong dong untuk lebih mudah melakukan log in kita sudah mengisi data pada saat mau masuk setelah keluar kita harus mengisi data kembali sangat kurang simpel mohon dapatnya dibuatkan Nick ID dan password dan keamanan data nya lebih ditingkatkan.
Erman to,1,2025-11-21 14:30:46,ANGGARAN SAJA GEDE... APLIKASI TIDAK BERGUNA..
Ani saragih,5,2025-11-21 13:59:21,bagus
Chio Ku,5,2025-11-21 13:48:46,sulit dibuka dengan lain hp
Imam Munandar,1,2025-11-21 13:44:47,"aplikasi belum siap tp udah kejar tayang, jadinya baru 3hr lalu update garaÂ² ga bisa buka, ini udah minta update lagi... hadeeehhh, kalo bisa NOL juga gue kasij NOL."
Litoto Sugih,5,2025-11-21 13:38:30,sangat bagus
Rahmat Hidayat,3,2025-11-21 13:27:07,"segala jenis aplikasi pemerintah rata2 gak jelas termasuk ini, banyak komentar negatif dan itu emang realitas yang ada. entah kekurangan modal atau kekurangan SDM, atau hanya proyek fiktif buat cari cuan lalu dibiarkan gitu aja gak ada perkembangan."
ragas daikoda,3,2025-11-21 09:55:09,"sebelum di update bisa download file dan kirim file, sekarang kok ngk bisa ya?? tolong diperbaiki ya.. min"
halfalah jaya,1,2025-11-21 08:17:26,"bikin susah aja,malah gak bisa login setelah update"
Agus Maniagasi,5,2025-11-21 06:55:21,mantap
Yudi Agustian,3,2025-11-21 06:51:42,update terus tapi ga ada perubahan
Cak Ary,3,2025-11-21 06:51:36,"pada saat awal install IKD dokumen pribadi yang lain (NPWP, BPJS) bisa tertaut, tapi yang versi saat ini tidak tertaut sama sekali. Ini upgrade atau downgrade? Jayalah Negeriku!!!!"
Ghea Audia,3,2025-11-21 06:42:59,"semoga aplikasinya dibuat semakin baik lagi makin mudah makin nyaman, tiap kali keluar halaman gak perlu pencet panah kiri atas. kalo pencet keluar dari bawah lgsg keluar aplikasi, lumayan ribeeet buat kita yg hp nya android terbiasa masih pake tombol navigasi.."
Donela Tasya,5,2025-11-21 06:41:09,dukcapil mantap
Se Puput,1,2025-11-21 06:36:20,kalau skin kekantor sama aja boong online Manding di kantor sakalian
wawan -,5,2025-11-21 06:12:22,Aplikasi simple dan mudah d mengerti...
roni awan,1,2025-11-21 06:11:42,"ruet, tiap kali harus isi data ulang jika ada pembaharuan web. buat aplikasi yang memudahkan"
ê¦„ê¦¶ê¦±ê§€ê¦²ê¦©ê¦ê§€ê¦ê¦ƒê¦­ê¦¶ê¦²ê¦•ê§€ê¦²ê¦¤ê§€ê¦ê¦«ê¦²ê¦«ê¦¶ê¦±,1,2025-11-21 06:09:06,"Malah koneksi server gagal, pdhl koneksi internet nya benerÂ²bagus loh"
Novi Iwanggin,5,2025-11-21 04:44:59,sangat membantu
IKD SIAK,5,2025-11-21 03:45:47,dalam satu genggaman
Ujang Kontari,5,2025-11-21 03:45:28,Mantap
Deni Romansyah,5,2025-11-21 03:42:39,"Sangat excited dengan aplikasi ini, urusan data kependudukan menjadi lebih praktis."
Iqbal Chairul,1,2025-11-21 03:40:32,sampah!
Khofiza Salsabilla,1,2025-11-21 03:14:13,bikin capek. aplikasi kalau d buka sering di arahkan ke pendaftaran. saat pendaftaran berhasilpun nanti nggak lama akan seperti itu lagi.ğŸ¤­
Wilianci Arnol,5,2025-11-21 03:08:57,mantap
Rina Ronsumbre123,5,2025-11-21 02:55:45,mantap
Youngster Antony,1,2025-11-21 02:12:28,tolong di tambahkan Unduh Dokumen yah. Karena agak ribet lagi untuk proses Cetak Dokumen. ini Aplikasi kek ngak Guna juga ngak tau buat apa. katanya Digital tapi tapi Masi minta Fisik lagi saat pengurusan.
Muhpians,1,2025-11-21 01:26:44,"aplikasi masih mentah, masa mau ngambil PIN dan barcode harus ke dukcapil alias offline ya sama aja. orang pengen buat via online biar simple kok di persulit, gimana PUNGLI mau diberantas."
Nur Qomaruddin,3,2025-11-21 01:01:50,mungkin masih banyak yang perlu di perbaiki terutama Nama dan gelar banyak yang gabung.
Fey â€œValhallaâ€,1,2025-11-21 00:38:46,"Kelihatan banget kalau hanya sebuah proyek. Dulu sudah pernah mendaftar, sekarang diminta mendaftar lagi, tdk bisa langsung login. Parah banget."
Ashraf Willdan,1,2025-11-20 18:53:14,tidak dapat login
Septeriel Laia,5,2025-11-20 17:56:28,semoga kedepannya fiturnya masih bagus lagi
Steven,1,2025-11-20 13:15:09,"Data KTP, KK sampai nomor telepon bocor ke bank, pinjol dan tlp2 ga jelas. byk penipuan tlp dan pura2 dari kelurahan abis download aplikasi ini. Mereka semua tau nomor hp,nomor ktp bahkan sampai anggota di KK semua keliatan. Aplikasi ky gini keamanannya ga jelas bgt sumpah."
Mohamad Tjipto,5,2025-11-20 11:46:20,bagus aplikasi nya
a ghojaly,5,2025-11-20 11:10:59,sangat puas
Dony Maryono,1,2025-11-20 10:29:58,maaf aplikasinya sulit (tolong di permudah)
Romli Rafael,1,2025-11-20 09:12:54,apknya tidak bisa dibuka kenapa tolong minta sosulinya
Ney Cahya,1,2025-11-20 08:24:05,kok gitu logo app IKD logo garuda merah putih gua suka! kayak gak ada niat buat logo IKD
elalia yuniarti,1,2025-11-20 07:35:49,Mau mencetak KK secara online. tetapi sudah 3 hari pengajuan belum disetujui/tidak ada progres sama sekali. seperti tidak ada petugas yang menindaklanjuti permohonan.
Andik Susanto,3,2025-11-20 07:32:19,"aplikasi susah diakses muter mulu terjadi kesalahan dan coba lagi, server perlu perbaikan demi perkembangan"
Wulan Ari Ningsih,1,2025-11-20 06:54:57,"kocak banget minta Izin akses foto dan video, pencet tombol tidak diizinkan lalu aplikasi gabisa dipake. LAH BANGET"
Stefanus Bai,5,2025-11-20 06:16:47,ok
win senpai,1,2025-11-20 04:10:36,gak guna
Rudjandra Winoto,1,2025-11-20 03:49:14,"Aplikasi menyatakan bahwa OS Android yang diperlukan adalah versi 8.0 atau lebih baru. saya versi 11 tapi aplikasi masih tetap tidak bisa saya gunakan, aplikasi tidak kompatibel dengan versi android perangkat. developer tolong ini di Patch segera."
Yossi Satriawan,1,2025-11-20 03:46:52,"aplikasi layanan publik tapi bisa ga kompitable dengan android versi 9, harus nya aplikasi ini dibuat untuk semua versi android agar semua masyarakat bisa mengaksesnya"
Khasanatun Ana,1,2025-11-20 03:30:44,Aplikasi pertama okelah membantu.... Tapi setelah di perbarui langsung ngga bisa di buka
Dimas Prasetyo,1,2025-11-20 03:13:51,gak bisa di akses
AGOES 16,4,2025-11-20 01:33:42,semoga kedepannya status kita bisa rubah sendiri seperti pekerjaan
Shanty Sania,3,2025-11-20 01:01:17,aplikasinya lumayan membantu proses pembuatan KTP tapi ada sedikit masalah kenapa ya sulit membuka kembali aplikasinya dgn alasan pin salah padahal pin nya sudah benar
fikri ahmad,1,2025-11-20 00:34:08,apa gunanya aplikasi ini jika pendaftaran harus dilakukan secara offline dan tidak bisa mendaftarkan secara online.
Anang Suryana,1,2025-11-20 00:29:45,tidak bisa daftar eror terus
Dodi Subagja,5,2025-11-20 00:14:16,ok
prahu layar,1,2025-11-19 16:47:00,"negara buangÂ² duit untuk apk gak guna,,selalu minta activasi ulang yg bikin repot walaupun sudah ada biometrik sidik jari tetep ngga fungsi"
Maharani Utami,1,2025-11-19 15:19:22,"Beberapa bulan lalu masih bisa di buka. tetapi baru beberapa minggu ini mau sya buka minta update versi, tapi di HP android versi 10 tidak di dukung. alhasil tidak bisa terunduh di HP & tidak berfungsi. tolong suportnya untuk android versi 10"
Ma Hjipr,5,2025-11-19 14:52:34,terimakasih
Kass 12,1,2025-11-19 14:47:12,"g jelas asli, gw udh daftar dulu terus mau login pin juga gw catet nggak di rubah malah nggak bisa, asli g jelas, lu buang buang anggaran. nggak ikd nggak web npwp sama aja"
Anis Mutia,1,2025-11-19 12:56:47,jyaannn....ORA MUTU..!!! apk online ndadak daftar offline... mbok dibuat mudah aja gitu lho... apk pemerintah Ki lho mesti ra enek sg beressss .. malah ngeribeti
Charlos Gad,5,2025-11-19 11:20:40,sangat bagus
Asroel Deknaura,5,2025-11-19 09:02:56,sangat memuskan dengan apk ini
Toni Johan,1,2025-11-19 08:57:45,suka error di Sruh download ulang pas SDH download perbarui. ngak bisa buka ikd nya..
Muhammad Ramadani,1,2025-11-19 08:44:55,sangat ribet menggunakan aplikasi ini tidak semua hp bisa pakai
Bungo Harau Official,3,2025-11-19 07:41:15,"mantap, kekurangan nya tampa ktp fisik, tidak bisa membuka tabungan di bank mandri"
NunuChanel,1,2025-11-19 07:31:02,JANGAN UNDUH NANTI MENYESAL. alah percuma download klo jatuhnya tetep harus ke dukcapil buat daftar. pdhl skrg vermuk bisa lwat hp. intinya smpe dukcapil sama aja bnyk calo. trus gmn yg merantau jauh yg memang blm bisa plng tp btuh data KK nya? percuma mau ambil kesempatan jg. BIKIN APK CUMA BUAT CARI DUIT AJA INI MAH
Dul F Agus,2,2025-11-19 06:26:23,Lebih mudah yg lama
Budi Seta,1,2025-11-19 05:47:19,aplikasinya susah buat logon minta password tpi ngak tau gimana dapatkannya. mempersulit masyarkat mau ngurus lewat online aja. aplikasi ngak ada guna ini
Paulus Purba,5,2025-11-19 04:48:06,bagus
Djalil Purnama,4,2025-11-19 04:33:35,kalo lupa pin gmn ya. padahal pengaktifan brpa Minggu lalu dg pin yg benar pas skr2 mau buka kok katanya pin salah
Abdul Azis,2,2025-11-19 04:27:37,"menu pelayanan dukcapil online tidak di tindak lanjuti oleh pihak dukcapil, sehingga pengajuan yang di lakukan tidak ada proses lanjut.. semoga ke depanya lebih di perbaiki sehingga dapat memudahkan masyarakat dalam memperbaiki berkas"" kependudukan"
Raja Coc,1,2025-11-19 04:17:44,"kelurahan kapuk..... saya pernah kehilangan KTP tahun 2022, sudah bikin KTP baru tapi di alihkan ke KTP Digital, alasan blanko tidak ada... tahun ini 2025 saya mau cetak KTP lagi tidak bisa dengan alasan tidak ada bukti kehilangan!!!! kan tablo udah bikin lama minta e-KTP di suruh bikin KTP Digital sekarang saya mau cetak KTP say sendiri malah di persulit.. yang ngurus KTP saya dari dulu pihak kelurahan bukan saya kenapa saya yang di persulit mendapatkan indetitas saya sendiri. nyusahin masyarak"
Indra Wijaya,5,2025-11-19 04:14:02,semoga bermanfaat dan lebih mudah
Reza Syah,3,2025-11-19 04:08:47,"mohon tambahkan MENU PERUBAHAN data STATUS PEKERJAAN, agar tidak harus datang ke dukcapil hanya untuk.merubah status. tambah juga MENU DOWNLOAD DOKUMEN agar bisa di cetak sendiri tanpa harus datang ke dukcapil atau kecamatan"
muslich wahyudi,1,2025-11-19 03:46:31,susah dimasuknya
Aryant,1,2025-11-19 03:22:05,"Pengembang aplikasi buruk. ""Aplikasi Layanan Publik"".. Masalah Server,Bug dalam pembaruan aja gak bisa diatasi!! bintang â­ satu pun gak layak."
Muh Rivandi,5,2025-11-19 03:08:09,"Tampilan aplikasi nya sangat fresh dan bagus banget, nyaman di lihat, fitur juga oke semua, dokumen lengkap semua, kayaknya ini aplikasi pemerintah yang paling oke"
ACHMAT SYAIFUL,5,2025-11-19 01:44:54,ktp menang ya
Zaenal Arivhin,3,2025-11-19 01:01:22,"Layanan tidak bisa diakses, muter-muter mulu. fungsinya buat apa??"
Muhammad Arifin,5,2025-11-19 00:58:24,alhamdulilah Sekarang makin di permudah semua ya.... jadi nggk perlu khawatir di lapangan...kalau lagi ada keperluan mendadak bisa langsung buka aplikasi ini.. terima kasih pengabdiannya untuk bangsa dan negara
Geno Lakburlawal,1,2025-11-18 23:42:27,tolong admin! ini IKD kenapa perangkat saya tidak bisa mendownload apk nya padahal perangkat saya android versi 12.. tolong di perbaiki lagi apk nya
Musafa Umarela,2,2025-11-18 23:15:40,"update malah jadi tidak kompatibel di perangkat, ini gimana?"
